"$RC_shield_offset [mm]","$ring2_voltage [kV]","Distance [mm]","Distance-250mm [mm]","Ez []"
12.7,0.45,0,-250,-30.4634840776548
12.7,0.45,0.750004,-249.249996,-31.5978347158746
12.7,0.45,1.500008,-248.499992,-32.3713226678156
12.7,0.45,2.250012,-247.749988,-32.9803062582572
12.7,0.45,3.000016,-246.999984,-33.6270401679848
12.7,0.45,3.75002,-246.24998,-34.2737740777125
12.7,0.45,4.500024,-245.499976,-34.9205079874401
12.7,0.45,5.250028,-244.749972,-35.7448714981693
12.7,0.45,6.000032,-243.999968,-36.4509986239642
12.7,0.45,6.750036,-243.249964,-37.1395128084937
12.7,0.45,7.50004,-242.49996,-37.9886892417282
12.7,0.45,8.250044,-241.749956,-38.8378656749627
12.7,0.45,9.000048,-240.999952,-39.6984654060136
12.7,0.45,9.750052,-240.249948,-40.5091017214919
12.7,0.45,10.500056,-239.499944,-41.3338212153627
12.7,0.45,11.25006,-238.74994,-42.1585407092336
12.7,0.45,12.000064,-237.999936,-42.9832602031044
12.7,0.45,12.750068,-237.249932,-44.0743066867479
12.7,0.45,13.500072,-236.499928,-44.9982165985004
12.7,0.45,14.250076,-235.749924,-46.0351746047939
12.7,0.45,15.00008,-234.99992,-47.0721326110875
12.7,0.45,15.750084,-234.249916,-48.109090617381
12.7,0.45,16.500088,-233.499912,-49.1460486236745
12.7,0.45,17.250092,-232.749908,-50.3287487467249
12.7,0.45,18.000096,-231.999904,-51.5876963193798
12.7,0.45,18.7501,-231.2499,-52.5369774819932
12.7,0.45,19.500104,-230.499896,-53.8172760239006
12.7,0.45,20.250108,-229.749892,-55.097574565808
12.7,0.45,21.000112,-228.999888,-56.3778731077155
12.7,0.45,21.750116,-228.249884,-57.6581716496228
12.7,0.45,22.50012,-227.49988,-58.9384701915302
12.7,0.45,23.250124,-226.749876,-60.3332064028458
12.7,0.45,24.000128,-225.999872,-61.8935315464181
12.7,0.45,24.750132,-225.249868,-63.4538566899904
12.7,0.45,25.500136,-224.499864,-65.0141818335627
12.7,0.45,26.25014,-223.74986,-66.5534978739622
12.7,0.45,27.000144,-222.999856,-68.1724842583334
12.7,0.45,27.750148,-222.249852,-69.8562999879189
12.7,0.45,28.500152,-221.499848,-71.5401157175045
12.7,0.45,29.250156,-220.749844,-73.2115834910188
12.7,0.45,30.00016,-219.99984,-75.1127606070418
12.7,0.45,30.750164,-219.249836,-77.0139377230647
12.7,0.45,31.500168,-218.499832,-79.0272828714706
12.7,0.45,32.250172,-217.749828,-81.1325774956939
12.7,0.45,33.000176,-216.999824,-83.3307410912956
12.7,0.45,33.75018,-216.24982,-85.4633104419922
12.7,0.45,34.500184,-215.499816,-87.6227845496395
12.7,0.45,35.250188,-214.749812,-89.9510642811169
12.7,0.45,36.000192,-213.999808,-92.1408255186224
12.7,0.45,36.750196,-213.249804,-94.4196441794196
12.7,0.45,37.5002,-212.4998,-96.7985912813227
12.7,0.45,38.250204,-211.749796,-99.7042308924214
12.7,0.45,39.000208,-210.999792,-102.60987050352
12.7,0.45,39.750212,-210.249788,-105.631185578096
12.7,0.45,40.500216,-209.499784,-108.519978690345
12.7,0.45,41.25022,-208.74978,-111.408771802595
12.7,0.45,42.000224,-207.999776,-115.066833904443
12.7,0.45,42.750228,-207.249772,-118.403948442801
12.7,0.45,43.500232,-206.499768,-120.299257482105
12.7,0.45,44.250236,-205.749764,-124.35237265678
12.7,0.45,45.00024,-204.99976,-128.405487831456
12.7,0.45,45.750244,-204.249756,-132.576391062151
12.7,0.45,46.500248,-203.499752,-136.518207425195
12.7,0.45,47.250252,-202.749748,-140.46002378824
12.7,0.45,48.000256,-201.999744,-143.851854123138
12.7,0.45,48.75026,-201.24974,-149.946142274922
12.7,0.45,49.500264,-200.499736,-154.36004847427
12.7,0.45,50.250268,-199.749732,-157.618573691497
12.7,0.45,51.000272,-198.999728,-162.957739436943
12.7,0.45,51.750276,-198.249724,-168.247949984593
12.7,0.45,52.50028,-197.49972,-173.538160532243
12.7,0.45,53.250284,-196.749716,-178.828371079893
12.7,0.45,54.000288,-195.999712,-184.118581627544
12.7,0.45,54.750292,-195.249708,-189.408792175194
12.7,0.45,55.500296,-194.499704,-196.217295705708
12.7,0.45,56.2503,-193.7497,-204.866142339112
12.7,0.45,57.000304,-192.999696,-208.555280392585
12.7,0.45,57.750308,-192.249692,-216.713085205673
12.7,0.45,58.500312,-191.499688,-224.870890018761
12.7,0.45,59.250316,-190.749684,-233.028694831849
12.7,0.45,60.00032,-189.99968,-241.186499644938
12.7,0.45,60.750324,-189.249676,-249.344304458026
12.7,0.45,61.500328,-188.499672,-257.502109271114
12.7,0.45,62.250332,-187.749668,-265.659914084202
12.7,0.45,63.000336,-186.999664,-279.223833289934
12.7,0.45,63.75034,-186.24966,-285.330681618164
12.7,0.45,64.500344,-185.499656,-297.402526228313
12.7,0.45,65.250348,-184.749652,-309.580653256073
12.7,0.45,66.000352,-183.999648,-321.389418545888
12.7,0.45,66.750356,-183.249644,-333.198183835702
12.7,0.45,67.50036,-182.49964,-345.006949125517
12.7,0.45,68.250364,-181.749636,-362.802558339234
12.7,0.45,69.000368,-180.999632,-376.672356817979
12.7,0.45,69.750372,-180.249628,-390.239843563365
12.7,0.45,70.500376,-179.499624,-407.619352141459
12.7,0.45,71.25038,-178.74962,-420.354874465043
12.7,0.45,72.000384,-177.999616,-439.332824272231
12.7,0.45,72.750388,-177.249612,-458.310774079418
12.7,0.45,73.500392,-176.499608,-477.288723886606
12.7,0.45,74.250396,-175.749604,-496.266673693793
12.7,0.45,75.0004,-174.9996,-524.096761559704
12.7,0.45,75.750404,-174.249596,-545.615672589307
12.7,0.45,76.500408,-173.499592,-569.751224549842
12.7,0.45,77.250412,-172.749588,-593.886776510377
12.7,0.45,78.000416,-171.999584,-619.957612923624
12.7,0.45,78.75042,-171.24958,-650.184702063211
12.7,0.45,79.500424,-170.499576,-680.411791202799
12.7,0.45,80.250428,-169.749572,-709.695700744398
12.7,0.45,81.000432,-168.999568,-749.036347273978
12.7,0.45,81.750436,-168.249564,-789.002762905476
12.7,0.45,82.50044,-167.49956,-828.969178536975
12.7,0.45,83.250444,-166.749556,-868.928054340215
12.7,0.45,84.000448,-165.999552,-907.009575390436
12.7,0.45,84.750452,-165.249548,-958.915185473554
12.7,0.45,85.500456,-164.499544,-1012.16123245233
12.7,0.45,86.25046,-163.74954,-1057.51505413987
12.7,0.45,87.000464,-162.999536,-1123.48195934482
12.7,0.45,87.750468,-162.249532,-1187.55053842409
12.7,0.45,88.500472,-161.499528,-1251.61911750336
12.7,0.45,89.250476,-160.749524,-1315.68769658262
12.7,0.45,90.00048,-159.99952,-1392.38452853176
12.7,0.45,90.750484,-159.249516,-1476.33475581491
12.7,0.45,91.500488,-158.499512,-1574.84919718433
12.7,0.45,92.250492,-157.749508,-1673.36363855375
12.7,0.45,93.000496,-156.999504,-1759.57095016087
12.7,0.45,93.7505,-156.2495,-1873.40385395389
12.7,0.45,94.500504,-155.499496,-1970.00574169925
12.7,0.45,95.250508,-154.749492,-2119.60642126889
12.7,0.45,96.000512,-153.999488,-2254.12885395511
12.7,0.45,96.750516,-153.249484,-2404.88661535521
12.7,0.45,97.50052,-152.49948,-2555.6443767553
12.7,0.45,98.250524,-151.749476,-2706.4021381554
12.7,0.45,99.000528,-150.999472,-2938.02290877774
12.7,0.45,99.750532,-150.249468,-3106.56723599184
12.7,0.45,100.500536,-149.499464,-3281.14073204552
12.7,0.45,101.25054,-148.74946,-3564.6155735591
12.7,0.45,102.000544,-147.999456,-3848.09041507269
12.7,0.45,102.750548,-147.249452,-4128.04522647168
12.7,0.45,103.500552,-146.499448,-4399.22776849262
12.7,0.45,104.250556,-145.749444,-4670.41031051357
12.7,0.45,105.00056,-144.99944,-5093.27971802539
12.7,0.45,105.750564,-144.249436,-5501.03486907573
12.7,0.45,106.500568,-143.499432,-5830.72128846244
12.7,0.45,107.250572,-142.749428,-6333.13950588294
12.7,0.45,108.000576,-141.999424,-6804.35541690116
12.7,0.45,108.75058,-141.24942,-7275.57132791938
12.7,0.45,109.500584,-140.499416,-7857.82880185009
12.7,0.45,110.250588,-139.749412,-8465.4494698059
12.7,0.45,111.000592,-138.999408,-9033.83463927713
12.7,0.45,111.750596,-138.249404,-9830.65320756861
12.7,0.45,112.5006,-137.4994,-10627.4717758601
12.7,0.45,113.250604,-136.749396,-11478.9392970595
12.7,0.45,114.000608,-135.999392,-12312.2589515088
12.7,0.45,114.750612,-135.249388,-13172.1661156184
12.7,0.45,115.500616,-134.499384,-14253.683225956
12.7,0.45,116.25062,-133.74938,-15285.8256402004
12.7,0.45,117.000624,-132.999376,-16513.559940705
12.7,0.45,117.750628,-132.249372,-17655.1166989942
12.7,0.45,118.500632,-131.499368,-18893.7445694019
12.7,0.45,119.250636,-130.749364,-20193.3196110182
12.7,0.45,120.00064,-129.99936,-21492.8946526345
12.7,0.45,120.750644,-129.249356,-22996.1896793523
12.7,0.45,121.500648,-128.499352,-24573.9501728387
12.7,0.45,122.250652,-127.749348,-26151.710666325
12.7,0.45,123.000656,-126.999344,-27777.8213762261
12.7,0.45,123.75066,-126.24934,-29345.122710997
12.7,0.45,124.500664,-125.499336,-31088.7121477928
12.7,0.45,125.250668,-124.749332,-32832.3015845887
12.7,0.45,126.000672,-123.999328,-34553.4112592105
12.7,0.45,126.750676,-123.249324,-36300.5121792995
12.7,0.45,127.50068,-122.49932,-38013.3132855178
12.7,0.45,128.250684,-121.749316,-39731.7516703998
12.7,0.45,129.000688,-120.999312,-41499.4528799393
12.7,0.45,129.750692,-120.249308,-43106.297270965
12.7,0.45,130.500696,-119.499304,-44749.626535729
12.7,0.45,131.2507,-118.7493,-46386.4899315076
12.7,0.45,132.000704,-117.999296,-47862.3008604884
12.7,0.45,132.750708,-117.249292,-49228.7394208983
12.7,0.45,133.500712,-116.499288,-50588.8810174696
12.7,0.45,134.250716,-115.749284,-51877.3860755992
12.7,0.45,135.00072,-114.99928,-52991.4892608557
12.7,0.45,135.750724,-114.249276,-54112.2174642577
12.7,0.45,136.500728,-113.499272,-54874.3504553863
12.7,0.45,137.250732,-112.749268,-55929.6783118163
12.7,0.45,138.000736,-111.999264,-56606.0683214252
12.7,0.45,138.75074,-111.24926,-57282.4583310343
12.7,0.45,139.500744,-110.499256,-57648.081970113
12.7,0.45,140.250748,-109.749252,-58141.8608591545
12.7,0.45,141.000752,-108.999248,-58468.9768109452
12.7,0.45,141.750756,-108.249244,-58523.5069494423
12.7,0.45,142.50076,-107.49924,-58624.8826822935
12.7,0.45,143.250764,-106.749236,-58735.6711701978
12.7,0.45,144.000768,-105.999232,-58696.1336335311
12.7,0.45,144.750772,-105.249228,-58279.9866950037
12.7,0.45,145.500776,-104.499224,-57863.8397564762
12.7,0.45,146.25078,-103.74922,-57447.6928179487
12.7,0.45,147.000784,-102.999216,-57098.732638453
12.7,0.45,147.750788,-102.249212,-56477.88086765
12.7,0.45,148.500792,-101.499208,-55733.9523268456
12.7,0.45,149.250796,-100.749204,-54990.0237860411
12.7,0.45,150.0008,-99.9992,-54246.0952452367
12.7,0.45,150.750804,-99.249196,-53289.907551215
12.7,0.45,151.500808,-98.499192,-52270.8428781221
12.7,0.45,152.250812,-97.749188,-51297.0077554921
12.7,0.45,153.000816,-96.999184,-50238.8202795334
12.7,0.45,153.75082,-96.24918,-48992.8180772383
12.7,0.45,154.500824,-95.499176,-47763.1707901781
12.7,0.45,155.250828,-94.749172,-46557.1238525569
12.7,0.45,156.000832,-93.999168,-45352.0430052
12.7,0.45,156.750836,-93.249164,-43929.2553101359
12.7,0.45,157.50084,-92.49916,-42573.6352139451
12.7,0.45,158.250844,-91.749156,-41131.9245026862
12.7,0.45,159.000848,-90.999152,-39724.0416376908
12.7,0.45,159.750852,-90.249148,-38230.5437414559
12.7,0.45,160.500856,-89.499144,-36737.0458452211
12.7,0.45,161.25086,-88.74914,-35193.8800136231
12.7,0.45,162.000864,-87.999136,-33666.0408727215
12.7,0.45,162.750868,-87.249132,-32128.6579616495
12.7,0.45,163.500872,-86.499128,-30540.9075080609
12.7,0.45,164.250876,-85.749124,-28970.5769939415
12.7,0.45,165.00088,-84.99912,-27378.5791996078
12.7,0.45,165.750884,-84.249116,-25786.5814052741
12.7,0.45,166.500888,-83.499112,-24192.0092079978
12.7,0.45,167.250892,-82.749108,-22605.4531804292
12.7,0.45,168.000896,-81.999104,-21017.6635227103
12.7,0.45,168.7509,-81.2491,-19430.4879555201
12.7,0.45,169.500904,-80.499096,-17885.8492914555
12.7,0.45,170.250908,-79.749092,-16355.5869067169
12.7,0.45,171.000912,-78.999088,-14794.11604157
12.7,0.45,171.750916,-78.249084,-13238.263250156
12.7,0.45,172.50092,-77.49908,-11687.0808593272
12.7,0.45,173.250924,-76.749076,-10260.3715041468
12.7,0.45,174.000928,-75.999072,-8828.04681482845
12.7,0.45,174.750932,-75.249068,-7395.72212551009
12.7,0.45,175.500936,-74.499064,-5955.05993242937
12.7,0.45,176.25094,-73.74906,-4512.88084324662
12.7,0.45,177.000944,-72.999056,-3165.59908953205
12.7,0.45,177.750948,-72.249052,-1920.16624733789
12.7,0.45,178.500952,-71.499048,-465.800720658446
12.7,0.45,179.250956,-70.749044,705.375812624889
12.7,0.45,180.00096,-69.99904,1876.55234590822
12.7,0.45,180.750964,-69.249036,3080.96840380461
12.7,0.45,181.500968,-68.499032,4313.68534544196
12.7,0.45,182.250972,-67.749028,5508.43192708094
12.7,0.45,183.000976,-66.999024,6506.81994532886
12.7,0.45,183.75098,-66.24902,7526.64131899916
12.7,0.45,184.500984,-65.499016,8564.47179199986
12.7,0.45,185.250988,-64.749012,9602.30226500057
12.7,0.45,186.000992,-63.999008,10647.0651165075
12.7,0.45,186.750996,-63.249004,11452.7805845398
12.7,0.45,187.501,-62.499,12258.4960525721
12.7,0.45,188.251004,-61.748996,13064.2115206044
12.7,0.45,189.001008,-60.998992,13869.9269886367
12.7,0.45,189.751012,-60.248988,14584.7658983409
12.7,0.45,190.501016,-59.498984,15524.06387839
12.7,0.45,191.25102,-58.74898,16119.7852303731
12.7,0.45,192.001024,-57.998976,16715.5065823563
12.7,0.45,192.751028,-57.248972,17344.9500020354
12.7,0.45,193.501032,-56.498968,17981.9189792017
12.7,0.45,194.251036,-55.748964,18618.8879563679
12.7,0.45,195.00104,-54.99896,18981.2578217356
12.7,0.45,195.751044,-54.248956,19497.3546711173
12.7,0.45,196.501048,-53.498952,20066.0636473692
12.7,0.45,197.251052,-52.748948,20446.0045617138
12.7,0.45,198.001056,-51.998944,20825.9454760584
12.7,0.45,198.75106,-51.24894,21205.8863904031
12.7,0.45,199.501064,-50.498936,21534.5592818559
12.7,0.45,200.251068,-49.748932,21829.1202596888
12.7,0.45,201.001072,-48.998928,22204.7494541709
12.7,0.45,201.751076,-48.248924,22447.703070788
12.7,0.45,202.50108,-47.49892,22690.6566874052
12.7,0.45,203.251084,-46.748916,22889.1674574497
12.7,0.45,204.001088,-45.998912,23093.7911119301
12.7,0.45,204.751092,-45.248908,23272.2801147038
12.7,0.45,205.501096,-44.498904,23446.5050984306
12.7,0.45,206.2511,-43.7489,23575.037034216
12.7,0.45,207.001104,-42.998896,23703.5689700015
12.7,0.45,207.751108,-42.248892,23832.1009057869
12.7,0.45,208.501112,-41.498888,23875.6563183299
12.7,0.45,209.251116,-40.748884,23935.7537588164
12.7,0.45,210.00112,-39.99888,23962.3464550849
12.7,0.45,210.751124,-39.248876,24027.6039662501
12.7,0.45,211.501128,-38.498872,24051.960243596
12.7,0.45,212.251132,-37.748868,24040.7100529158
12.7,0.45,213.001136,-36.998864,24043.4578237364
12.7,0.45,213.75114,-36.24886,24043.6001017343
12.7,0.45,214.501144,-35.498856,23967.8176989576
12.7,0.45,215.251148,-34.748852,23917.0747305995
12.7,0.45,216.001152,-33.998848,23896.3852699557
12.7,0.45,216.751156,-33.248844,23815.441658298
12.7,0.45,217.50116,-32.49884,23731.9375601234
12.7,0.45,218.251164,-31.748836,23659.2887695765
12.7,0.45,219.001168,-30.998832,23586.6399790296
12.7,0.45,219.751172,-30.248828,23469.9870033076
12.7,0.45,220.501176,-29.498824,23356.2560999322
12.7,0.45,221.25118,-28.74882,23242.759800973
12.7,0.45,222.001184,-27.998816,23103.7175054897
12.7,0.45,222.751188,-27.248812,22972.5995835707
12.7,0.45,223.501192,-26.498808,22841.5732789323
12.7,0.45,224.251196,-25.748804,22705.079537028
12.7,0.45,225.0012,-24.9988,22569.2129530006
12.7,0.45,225.751204,-24.248796,22411.2768316376
12.7,0.45,226.501208,-23.498792,22250.968569062
12.7,0.45,227.251212,-22.748788,22090.6603064863
12.7,0.45,228.001216,-21.998784,21930.3520439107
12.7,0.45,228.75122,-21.24878,21777.1980447616
12.7,0.45,229.501224,-20.498776,21600.6249170087
12.7,0.45,230.251228,-19.748772,21422.0888516784
12.7,0.45,231.001232,-18.998768,21243.5527863482
12.7,0.45,231.751236,-18.248764,21065.0167210179
12.7,0.45,232.50124,-17.49876,20885.2582800992
12.7,0.45,233.251244,-16.748756,20705.8684687118
12.7,0.45,234.001248,-15.998752,20523.1338128801
12.7,0.45,234.751252,-15.248748,20337.9640866966
12.7,0.45,235.501256,-14.498744,20152.3856417688
12.7,0.45,236.25126,-13.74874,19963.9607912853
12.7,0.45,237.001264,-12.998736,19775.5359408019
12.7,0.45,237.751268,-12.248732,19587.1110903185
12.7,0.45,238.501272,-11.498728,19398.6862398351
12.7,0.45,239.251276,-10.748724,19207.3407748991
12.7,0.45,240.00128,-9.99871999999999,19016.33696607
12.7,0.45,240.751284,-9.24871599999999,18825.3331572409
12.7,0.45,241.501288,-8.49871200000002,18635.594759758
12.7,0.45,242.251292,-7.74870799999999,18444.4383140485
12.7,0.45,243.001296,-6.99870399999999,18253.5711132094
12.7,0.45,243.7513,-6.2487,18062.8784921521
12.7,0.45,244.501304,-5.498696,17873.6821829884
12.7,0.45,245.251308,-4.748692,17684.4858738246
12.7,0.45,246.001312,-3.998688,17495.2895646609
12.7,0.45,246.751316,-3.248684,17305.3722827805
12.7,0.45,247.50132,-2.49868,17119.116330262
12.7,0.45,248.251324,-1.74867599999998,16932.5767348258
12.7,0.45,249.001328,-0.998672000000006,16745.660671739
12.7,0.45,249.751332,-0.248668000000007,16562.3250805247
12.7,0.45,250.501336,0.501336000000019,16377.7332156371
12.7,0.45,251.25134,1.25133999999999,16193.7517449964
12.7,0.45,252.001344,2.00134400000002,16011.774420179
12.7,0.45,252.751348,2.75134799999999,15830.3304874409
12.7,0.45,253.501352,3.50135200000001,15650.4882981827
12.7,0.45,254.251356,4.25135600000004,15473.6908423209
12.7,0.45,255.00136,5.00136000000001,15296.8933864591
12.7,0.45,255.751364,5.75136399999998,15118.3982873309
12.7,0.45,256.501368,6.50136800000001,14944.7812160654
12.7,0.45,257.251372,7.25137199999998,14769.4725300096
12.7,0.45,258.001376,8.001376,14599.0157813638
12.7,0.45,258.75138,8.75137999999997,14429.6859207598
12.7,0.45,259.501384,9.50138399999995,14260.3847826142
12.7,0.45,260.251388,10.251388,14092.6506382159
12.7,0.45,261.001392,11.001392,13924.3804261489
12.7,0.45,261.751396,11.751396,13761.2700021821
12.7,0.45,262.5014,12.5014,13597.2260263876
12.7,0.45,263.251404,13.251404,13435.3631394037
12.7,0.45,264.001408,14.001408,13276.7578299978
12.7,0.45,264.751412,14.751412,13118.152520592
12.7,0.45,265.501416,15.501416,12959.57506387
12.7,0.45,266.25142,16.25142,12806.013983255
12.7,0.45,267.001424,17.001424,12652.3399513489
12.7,0.45,267.751428,17.751428,12498.6659194429
12.7,0.45,268.501432,18.501432,12346.7691829553
12.7,0.45,269.251436,19.251436,12201.1409456185
12.7,0.45,270.00144,20.00144,12053.439525321
12.7,0.45,270.751444,20.751444,11909.6040962551
12.7,0.45,271.501448,21.501448,11765.7686671893
12.7,0.45,272.251452,22.251452,11622.9872890669
12.7,0.45,273.001456,23.001456,11479.6505238916
12.7,0.45,273.75146,23.75146,11346.4835467313
12.7,0.45,274.501464,24.501464,11206.7111872287
12.7,0.45,275.251468,25.251468,11073.8708802168
12.7,0.45,276.001472,26.001472,10941.0305732049
12.7,0.45,276.751476,26.751476,10806.2596575869
12.7,0.45,277.50148,27.50148,10681.7160370127
12.7,0.45,278.251484,28.251484,10552.9671091097
12.7,0.45,279.001488,29.001488,10426.9985737621
12.7,0.45,279.751492,29.751492,10302.9526289285
12.7,0.45,280.501496,30.501496,10178.5582167422
12.7,0.45,281.2515,31.2515,10060.2202744606
12.7,0.45,282.001504,32.001504,9944.13954837107
12.7,0.45,282.751508,32.751508,9827.76028014364
12.7,0.45,283.501512,33.501512,9713.93469280434
12.7,0.45,284.251516,34.251516,9604.33822546843
12.7,0.45,285.00152,35.00152,9493.42716231233
12.7,0.45,285.751524,35.751524,9382.51609915622
12.7,0.45,286.501528,36.501528,9275.20722175313
12.7,0.45,287.251532,37.251532,9174.51918595613
12.7,0.45,288.001536,38.001536,9073.83115015914
12.7,0.45,288.75154,38.75154,8973.14311436215
12.7,0.45,289.501544,39.501544,8880.27650923448
12.7,0.45,290.251548,40.251548,8780.46350435296
12.7,0.45,291.001552,41.001552,8689.2660687404
12.7,0.45,291.751556,41.751556,8603.28759769731
12.7,0.45,292.50156,42.50156,8519.30649782984
12.7,0.45,293.251564,43.251564,8432.18594242654
12.7,0.45,294.001568,44.001568,8344.82157572065
12.7,0.45,294.751572,44.751572,8265.11208662097
12.7,0.45,295.501576,45.501576,8188.60274601728
12.7,0.45,296.25158,46.25158,8116.32199545578
12.7,0.45,297.001584,47.001584,8044.04124489427
12.7,0.45,297.751588,47.751588,7977.69392072971
12.7,0.45,298.501592,48.501592,7909.24433461724
12.7,0.45,299.251596,49.251596,7840.79474850478
12.7,0.45,300.0016,50.0016,7775.27641278659
12.7,0.45,300.751604,50.751604,7723.47704269573
12.7,0.45,301.501608,51.501608,7671.67767260489
12.7,0.45,302.251612,52.251612,7619.87830251405
12.7,0.45,303.001616,53.001616,7567.63995784696
12.7,0.45,303.75162,53.75162,7528.37202530639
12.7,0.45,304.501624,54.501624,7484.05374610946
12.7,0.45,305.251628,55.251628,7439.73546691254
12.7,0.45,306.001632,56.001632,7411.77185265387
12.7,0.45,306.751636,56.751636,7371.10980980885
12.7,0.45,307.50164,57.50164,7347.55830092382
12.7,0.45,308.251644,58.251644,7320.90235621119
12.7,0.45,309.001648,59.001648,7294.24641149856
12.7,0.45,309.751652,59.751652,7278.14553074916
12.7,0.45,310.501656,60.501656,7262.68303777214
12.7,0.45,311.25166,61.25166,7249.03573228408
12.7,0.45,312.001664,62.001664,7243.98648430582
12.7,0.45,312.751668,62.751668,7236.20891018836
12.7,0.45,313.501672,63.501672,7228.23758136514
12.7,0.45,314.251676,64.251676,7227.14766845591
12.7,0.45,315.00168,65.00168,7240.0175314037
12.7,0.45,315.751684,65.751684,7252.88739435147
12.7,0.45,316.501688,66.501688,7259.68175621285
12.7,0.45,317.251692,67.251692,7274.20893879697
12.7,0.45,318.001696,68.001696,7288.7361213811
12.7,0.45,318.7517,68.7517,7309.59690911383
12.7,0.45,319.501704,69.501704,7329.74992540317
12.7,0.45,320.251708,70.251708,7363.74966902276
12.7,0.45,321.001712,71.001712,7397.74941264234
12.7,0.45,321.751716,71.751716,7434.38588761405
12.7,0.45,322.50172,72.50172,7471.7255953531
12.7,0.45,323.251724,73.251724,7492.40222454624
12.7,0.45,324.001728,74.001728,7542.06505893118
12.7,0.45,324.751732,74.751732,7589.87219592602
12.7,0.45,325.501736,75.501736,7637.67933292086
12.7,0.45,326.25174,76.25174,7685.48646991571
12.7,0.45,327.001744,77.001744,7740.20484640675
12.7,0.45,327.751748,77.751748,7783.80306390477
12.7,0.45,328.501752,78.501752,7838.66453042832
12.7,0.45,329.251756,79.251756,7894.74685369998
12.7,0.45,330.00176,80.00176,7948.68661282505
12.7,0.45,330.751764,80.751764,8002.62637195012
12.7,0.45,331.501768,81.501768,8058.91049306644
12.7,0.45,332.251772,82.251772,8112.47917313127
12.7,0.45,333.001776,83.001776,8166.0478531961
12.7,0.45,333.75178,83.75178,8219.61653326093
12.7,0.45,334.501784,84.501784,8273.18521332575
12.7,0.45,335.251788,85.251788,8326.75389339058
12.7,0.45,336.001792,86.001792,8380.32257345541
12.7,0.45,336.751796,86.751796,8433.46094847068
12.7,0.45,337.5018,87.5018,8469.97568642765
12.7,0.45,338.251804,88.251804,8506.49042438462
12.7,0.45,339.001808,89.001808,8543.0051623416
12.7,0.45,339.751812,89.751812,8579.51990029857
12.7,0.45,340.501816,90.501816,8616.03463825554
12.7,0.45,341.25182,91.25182,8629.27581074847
12.7,0.45,342.001824,92.001824,8644.90500149001
12.7,0.45,342.751828,92.751828,8668.63148096692
12.7,0.45,343.501832,93.501832,8661.62596311858
12.7,0.45,344.251836,94.251836,8654.62044527024
12.7,0.45,345.00184,95.00184,8647.6149274219
12.7,0.45,345.751844,95.751844,8645.65312964001
12.7,0.45,346.501848,96.501848,8583.10761461995
12.7,0.45,347.251852,97.251852,8579.00451325295
12.7,0.45,348.001856,98.001856,8504.3685073499
12.7,0.45,348.75186,98.75186,8429.73250144685
12.7,0.45,349.501864,99.501864,8360.0265951385
12.7,0.45,350.251868,100.251868,8289.18430631457
12.7,0.45,351.001872,101.001872,8230.47585120903
12.7,0.45,351.751876,101.751876,8081.39965643162
12.7,0.45,352.50188,102.50188,7950.98533356966
12.7,0.45,353.251884,103.251884,7816.21977617894
12.7,0.45,354.001888,104.001888,7681.45421878823
12.7,0.45,354.751892,104.751892,7546.68866139751
12.7,0.45,355.501896,105.501896,7356.20592481316
12.7,0.45,356.2519,106.2519,7169.14345494787
12.7,0.45,357.001904,107.001904,6955.88393285829
12.7,0.45,357.751908,107.751908,6781.97087192162
12.7,0.45,358.501912,108.501912,6555.76544002591
12.7,0.45,359.251916,109.251916,6329.5600081302
12.7,0.45,360.00192,110.00192,6102.61950567121
12.7,0.45,360.751924,110.751924,5878.36800262965
12.7,0.45,361.501928,111.501928,5630.99246823163
12.7,0.45,362.251932,112.251932,5372.84863007414
12.7,0.45,363.001936,113.001936,5130.18939766005
12.7,0.45,363.75194,113.75194,4897.31175178813
12.7,0.45,364.501944,114.501944,4649.37304182564
12.7,0.45,365.251948,115.251948,4410.10987077018
12.7,0.45,366.001952,116.001952,4176.04980363319
12.7,0.45,366.751956,116.751956,3940.55381981404
12.7,0.45,367.50196,117.50196,3703.31876564595
12.7,0.45,368.251964,118.251964,3491.80095341268
12.7,0.45,369.001968,119.001968,3280.28555681401
12.7,0.45,369.751972,119.751972,3079.64554167225
12.7,0.45,370.501976,120.501976,2872.73247732556
12.7,0.45,371.25198,121.25198,2698.0663765926
12.7,0.45,372.001984,122.001984,2523.40027585963
12.7,0.45,372.751988,122.751988,2348.73417512666
12.7,0.45,373.501992,123.501992,2207.23851684678
12.7,0.45,374.251996,124.251996,2056.14717334973
12.7,0.45,375.002,125.002,1892.54809411961
12.7,0.45,375.752004,125.752004,1771.60717630827
12.7,0.45,376.502008,126.502008,1660.8310445294
12.7,0.45,377.252012,127.252012,1550.05491275054
12.7,0.45,378.002016,128.002016,1439.27878097167
12.7,0.45,378.75202,128.75202,1328.50264919281
12.7,0.45,379.502024,129.502024,1254.18273525366
12.7,0.45,380.252028,130.252028,1169.67636368066
12.7,0.45,381.002032,131.002032,1075.19890622073
12.7,0.45,381.752036,131.752036,1011.89674806061
12.7,0.45,382.50204,132.50204,948.594589900481
12.7,0.45,383.252044,133.252044,885.292431740355
12.7,0.45,384.002048,134.002048,832.538225507427
12.7,0.45,384.752052,134.752052,776.286621231965
12.7,0.45,385.502056,135.502056,726.019088266983
12.7,0.45,386.25206,136.25206,678.446694325857
12.7,0.45,387.002064,137.002064,637.050913115225
12.7,0.45,387.752068,137.752068,601.297347019642
12.7,0.45,388.502072,138.502072,565.392105327853
12.7,0.45,389.252076,139.252076,528.571741153393
12.7,0.45,390.00208,140.00208,497.49959743966
12.7,0.45,390.752084,140.752084,470.449842468613
12.7,0.45,391.502088,141.502088,444.758821132689
12.7,0.45,392.252092,142.252092,417.172716751134
12.7,0.45,393.002096,143.002096,394.451737641382
12.7,0.45,393.7521,143.7521,376.834634162632
12.7,0.45,394.502104,144.502104,359.217530683882
12.7,0.45,395.252108,145.252108,341.600427205132
12.7,0.45,396.002112,146.002112,323.983323726382
12.7,0.45,396.752116,146.752116,303.149518038114
12.7,0.45,397.50212,147.50212,287.216439068553
12.7,0.45,398.252124,148.252124,276.626284475372
12.7,0.45,399.002128,149.002128,266.036129882191
12.7,0.45,399.752132,149.752132,255.44597528901
12.7,0.45,400.502136,150.502136,244.855820695829
12.7,0.45,401.25214,151.25214,234.265666102648
12.7,0.45,402.002144,152.002144,223.675511509467
12.7,0.45,402.752148,152.752148,213.085356916286
12.7,0.45,403.502152,153.502152,205.30171208518
12.7,0.45,404.252156,154.252156,195.57422909446
12.7,0.45,405.00216,155.00216,190.759810545262
12.7,0.45,405.752164,155.752164,183.938172395542
12.7,0.45,406.502168,156.502168,174.309337977732
12.7,0.45,407.252172,157.252172,168.389086208596
12.7,0.45,408.002176,158.002176,162.468834439461
12.7,0.45,408.75218,158.75218,156.578705127102
12.7,0.45,409.502184,159.502184,150.7276638709
12.7,0.45,410.252188,160.252188,144.749803584023
12.7,0.45,411.002192,161.002192,138.771943297145
12.7,0.45,411.752196,161.752196,132.794083010267
12.7,0.45,412.5022,162.5022,127.171356115166
12.7,0.45,413.252204,163.252204,121.006855902117
12.7,0.45,414.002208,164.002208,114.842355689068
12.7,0.45,414.752212,164.752212,108.677855476019
12.7,0.45,415.502216,165.502216,102.51335526297
12.7,0.45,416.25222,166.25222,95.9895412393903
12.7,0.45,417.002224,167.002224,89.9006781034052
12.7,0.45,417.752228,167.752228,83.4027538206439
12.7,0.45,418.502232,168.502232,76.9048295378827
12.7,0.45,419.252236,169.252236,71.2046178889373
12.7,0.45,420.00224,170.00224,62.2382688663752
12.7,0.45,420.752244,170.752244,57.8068004162013
12.7,0.45,421.502248,171.502248,53.3753319660273
12.7,0.45,422.252252,172.252252,48.943863515854
12.7,0.45,423.002256,173.002256,44.6062702248377
12.7,0.45,423.75226,173.75226,39.6032078805019
12.7,0.45,424.502264,174.502264,34.5952331480103
12.7,0.45,425.252268,175.252268,29.5872584155185
12.7,0.45,426.002272,176.002272,24.5792836830267
12.7,0.45,426.752276,176.752276,22.3271341947849
12.7,0.45,427.50228,177.50228,20.155003527673
12.7,0.45,428.252284,178.252284,17.9828728605612
12.7,0.45,429.002288,179.002288,14.8484351287253
12.7,0.45,429.752292,179.752292,13.3382224524217
12.7,0.45,430.502296,180.502296,11.8280097761182
12.7,0.45,431.2523,181.2523,10.3177970998146
12.7,0.45,432.002304,182.002304,8.8075844235111
12.7,0.45,432.752308,182.752308,7.77506590199274
12.7,0.45,433.502312,183.502312,6.45338972136394
12.7,0.45,434.252316,184.252316,6.26119716859702
12.7,0.45,435.00232,185.00232,4.76975022654912
12.7,0.45,435.752324,185.752324,4.28230897027467
12.7,0.45,436.502328,186.502328,3.84034095940286
12.7,0.45,437.252332,187.252332,3.35399651547224
12.7,0.45,438.002336,188.002336,2.86765207154165
12.7,0.45,438.75234,188.75234,2.31340254774804
12.7,0.45,439.502344,189.502344,2.03776275794398
12.7,0.45,440.252348,190.252348,1.82302275297289
12.7,0.45,441.002352,191.002352,1.6082827480018
12.7,0.45,441.752356,191.752356,1.39354274303071
12.7,0.45,442.50236,192.50236,1.17880273805961
12.7,0.45,443.252364,193.252364,1.12645726199587
12.7,0.45,444.002368,194.002368,0.848529622723264
12.7,0.45,444.752372,194.752372,0.765225816961476
12.7,0.45,445.502376,195.502376,0.681922011199687
12.7,0.45,446.25238,196.25238,0.598618205437898
12.7,0.45,447.002384,197.002384,0.51531439967611
12.7,0.45,447.752388,197.752388,0.432010593914322
12.7,0.45,448.502392,198.502392,0.348706788152533
12.7,0.45,449.252396,199.252396,0.338737005684836
12.7,0.45,450.0024,200.0024,0.299002943732345
12.7,0.45,450.752404,200.752404,0.241009210926392
12.7,0.45,451.502408,201.502408,0.223558427175275
12.7,0.45,452.252412,202.252412,0.181872337384177
12.7,0.45,453.002416,203.002416,0.155199040483773
12.7,0.45,453.75242,203.75242,0.134935339655013
12.7,0.45,454.502424,204.502424,0.114671638826254
12.7,0.45,455.252428,205.252428,0.094407937997495
12.7,0.45,456.002432,206.002432,0.0827372358746441
12.7,0.45,456.752436,206.752436,0.0729951912283657
12.7,0.45,457.50244,207.50244,0.0632531465820873
12.7,0.45,458.252444,208.252444,0.0535111019358093
12.7,0.45,459.002448,209.002448,0.0523462979663393
12.7,0.45,459.752452,209.752452,0.0461354204826075
12.7,0.45,460.502456,210.502456,0.035736238952939
12.7,0.45,461.25246,211.25246,0.0327912372184865
12.7,0.45,462.002464,212.002464,0.0259792406027639
12.7,0.45,462.752468,212.752468,0.0235878903883971
12.7,0.45,463.502472,213.502472,0.0207691696818534
12.7,0.45,464.252476,214.252476,0.0174784786931659
12.7,0.45,465.00248,215.00248,0.0141877877044784
12.7,0.45,465.752484,215.752484,0.0124733830218338
12.7,0.45,466.502488,216.502488,0.0111506935552899
12.7,0.45,467.252492,217.252492,0.00982800408874594
12.7,0.45,468.002496,218.002496,0.00878452497179833
12.7,0.45,468.7525,218.7525,0.00730557750787844
12.7,0.45,469.502504,219.502504,0.00653446157597595
12.7,0.45,470.252508,220.252508,0.0057102007556609
12.7,0.45,471.002512,221.002512,0.00438972646440933
12.7,0.45,471.752516,221.752516,0.00394741740423901
12.7,0.45,472.50252,222.50252,0.00350510834406868
12.7,0.45,473.252524,223.252524,0.00306279928389836
12.7,0.45,474.002528,224.002528,0.00258076152397679
12.7,0.45,474.752532,224.752532,0.00206050841725756
12.7,0.45,475.502536,225.502536,0.00182395293760946
12.7,0.45,476.25254,226.25254,0.00168087948675458
12.7,0.45,477.002544,227.002544,0.00153780603589971
12.7,0.45,477.752548,227.752548,0.00134447022168385
12.7,0.45,478.502552,228.502552,0.00117533250221412
12.7,0.45,479.252556,229.252556,0.000963979225823188
12.7,0.45,480.00256,230.00256,0.000752625949432261
12.7,0.45,480.752564,230.752564,0.000541272673041334
12.7,0.45,481.502568,231.502568,0.000597840782264442
12.7,0.45,482.252572,232.252572,0.000541980486996928
12.7,0.45,483.002576,233.002576,0.000467280110384554
12.7,0.45,483.75258,233.75258,0.000410041383861341
12.7,0.45,484.502584,234.502584,0.000320665797733685
12.7,0.45,485.252588,235.252588,0.000289706407075995
12.7,0.45,486.002592,236.002592,0.000258747016418305
12.7,0.45,486.752596,236.752596,0.000227787625760614
12.7,0.45,487.5026,237.5026,0.000196828235102924
12.7,0.45,488.252604,238.252604,0.000165868844445234
12.7,0.45,489.002608,239.002608,0.00014671170800964
12.7,0.45,489.752612,239.752612,0.000114478425115951
12.7,0.45,490.502616,240.502616,0.000103988250170844
12.7,0.45,491.25262,241.25262,9.37798128809313e-05
12.7,0.45,492.002624,242.002624,8.35713755910185e-05
12.7,0.45,492.752628,242.752628,7.33629383011056e-05
12.7,0.45,493.502632,243.502632,6.31545010111928e-05
12.7,0.45,494.252636,244.252636,5.29460637212799e-05
12.7,0.45,495.00264,245.00264,4.27376264313671e-05
12.7,0.45,495.752644,245.752644,3.25291891414542e-05
12.7,0.45,496.502648,246.502648,3.25624588377291e-05
12.7,0.45,497.252652,247.252652,2.84198976549064e-05
12.7,0.45,498.002656,248.002656,2.52608152203803e-05
12.7,0.45,498.75266,248.75266,2.17008460021101e-05
12.7,0.45,499.502664,249.502664,1.81408767838398e-05
12.7,0.45,500.252668,250.252668,1.50548532970018e-05
12.7,0.45,501.002672,251.002672,1.36376310540723e-05
12.7,0.45,501.752676,251.752676,1.22204088111428e-05
12.7,0.45,502.50268,252.50268,1.07654800397353e-05
12.7,0.45,503.252684,253.252684,9.40531209038905e-06
12.7,0.45,504.002688,254.002688,7.82619252677735e-06
12.7,0.45,504.752692,254.752692,6.37546333390881e-06
12.7,0.45,505.502696,255.502696,5.99075641843351e-06
12.7,0.45,506.2527,256.2527,4.47044074603069e-06
12.7,0.45,507.002704,257.002704,4.08542922894494e-06
12.7,0.45,507.752708,257.752708,3.71031867092579e-06
12.7,0.45,508.502712,258.502712,3.3197377232021e-06
12.7,0.45,509.252716,259.252716,2.92915677547843e-06
12.7,0.45,510.00272,260.00272,2.53857582775474e-06
12.7,0.45,510.752724,260.752724,2.14799488003108e-06
12.7,0.45,511.502728,261.502728,1.75741393230739e-06
12.7,0.45,512.252732,262.252732,1.36683298458376e-06
12.7,0.45,513.002736,263.002736,1.34445151465346e-06
12.7,0.45,513.75274,263.75274,1.16573816774243e-06
12.7,0.45,514.502744,264.502744,1.05731538302411e-06
12.7,0.45,515.252748,265.252748,8.17540817888383e-07
12.7,0.45,516.002752,266.002752,7.4351997231158e-07
12.7,0.45,516.752756,266.752756,6.69499126734783e-07
12.7,0.45,517.50276,267.50276,6.13786074114604e-07
12.7,0.45,518.252764,268.252764,5.15750332145682e-07
12.7,0.45,519.002768,269.002768,4.17714590176754e-07
12.7,0.45,519.752772,269.752772,3.87509267233924e-07
12.7,0.45,520.502776,270.502776,2.88971148044095e-07
12.7,0.45,521.25278,271.25278,2.60052819186285e-07
12.7,0.45,522.002784,272.002784,2.31134490328473e-07
12.7,0.45,522.752788,272.752788,2.02216161470663e-07
12.7,0.45,523.502792,273.502792,1.73297832612851e-07
12.7,0.45,524.252796,274.252796,1.44379503755041e-07
12.7,0.45,525.0028,275.0028,1.35218854692212e-07
12.7,0.45,525.752804,275.752804,1.18902678236552e-07
12.7,0.45,526.502808,276.502808,1.0258650178089e-07
12.7,0.45,527.252812,277.252812,9.05504325235995e-08
12.7,0.45,528.002816,278.002816,7.25650072656395e-08
12.7,0.45,528.75282,278.75282,6.57076347893965e-08
12.7,0.45,529.502824,279.502824,5.8850262313153e-08
12.7,0.45,530.252828,280.252828,5.38773368697516e-08
12.7,0.45,531.002832,281.002832,4.24910256774846e-08
12.7,0.45,531.752836,281.752836,3.30941448390348e-08
12.7,0.45,532.50284,282.50284,3.12331207954469e-08
12.7,0.45,533.252844,283.252844,2.68606012114947e-08
12.7,0.45,534.002848,284.002848,2.24880816275423e-08
12.7,0.45,534.752852,284.752852,1.81155620435901e-08
12.7,0.45,535.502856,285.502856,1.6325272636574e-08
12.7,0.45,536.25286,286.25286,1.48125750877112e-08
12.7,0.45,537.002864,287.002864,1.32998775388482e-08
12.7,0.45,537.752868,287.752868,1.14185404180889e-08
12.7,0.45,538.502872,288.502872,9.95334530693426e-09
12.7,0.45,539.252876,289.252876,8.48815019577947e-09
12.7,0.45,540.00288,290.00288,6.50670340737579e-09
12.7,0.45,540.752884,290.752884,5.89018985338516e-09
12.7,0.45,541.502888,291.502888,5.26477337835268e-09
12.7,0.45,542.252892,292.252892,4.63935690332016e-09
12.7,0.45,543.002896,293.002896,4.01394042828768e-09
12.7,0.45,543.7529,293.7529,3.38852395325515e-09
12.7,0.45,544.502904,294.502904,3.23067015437043e-09
12.7,0.45,545.252908,295.252908,2.57070890635331e-09
12.7,0.45,546.002912,296.002912,2.28805837865606e-09
12.7,0.45,546.752916,296.752916,2.00540785095879e-09
12.7,0.45,547.50292,297.50292,1.74144805795157e-09
12.7,0.45,548.252924,298.252924,1.54836111464262e-09
12.7,0.45,549.002928,299.002928,1.3092268483833e-09
12.7,0.45,549.752932,299.752932,9.72215424250604e-10
12.7,0.45,550.502936,300.502936,8.31340481913236e-10
12.7,0.45,551.25294,301.25294,7.7713644078693e-10
12.7,0.45,552.002944,302.002944,7.22932399660627e-10
12.7,0.45,552.752948,302.752948,6.44520272627606e-10
12.7,0.45,553.502952,303.502952,5.65828188976376e-10
12.7,0.45,554.252956,304.252956,4.8713610532514e-10
12.7,0.45,555.00296,305.00296,4.08444021673911e-10
12.7,0.45,555.752964,305.752964,3.29751938022676e-10
12.7,0.45,556.502968,306.502968,2.51059854371446e-10
12.7,0.45,557.252972,307.252972,2.19445975941354e-10
12.7,0.45,558.002976,308.002976,2.01548592981921e-10
12.7,0.45,558.75298,308.75298,1.83651210022487e-10
12.7,0.45,559.502984,309.502984,1.65753827063054e-10
12.7,0.45,560.252988,310.252988,1.46320931194302e-10
12.7,0.45,561.002992,311.002992,1.2724515052593e-10
12.7,0.45,561.752996,311.752996,1.08169369857557e-10
12.7,0.45,562.503,312.503,8.90935891891857e-11
12.7,0.45,563.253004,313.253004,8.44738222896582e-11
12.7,0.45,564.003008,314.003008,6.70018502865539e-11
12.7,0.45,564.753012,314.753012,6.00011328761592e-11
12.7,0.45,565.503016,315.503016,5.31288734961518e-11
12.7,0.45,566.25302,316.25302,4.62566141161438e-11
12.7,0.45,567.003024,317.003024,3.90711870808763e-11
12.7,0.45,567.753028,317.753028,3.15654494752139e-11
12.7,0.45,568.503032,318.503032,2.85077749856628e-11
12.7,0.45,569.253036,319.253036,2.49549179164972e-11
12.7,0.45,570.00304,320.00304,2.06320846196379e-11
12.7,0.45,570.753044,320.753044,1.83431762547624e-11
12.7,0.45,571.503048,321.503048,1.60542678898868e-11
12.7,0.45,572.253052,322.253052,1.37653595250113e-11
12.7,0.45,573.003056,323.003056,1.14764511601357e-11
12.7,0.45,573.75306,323.75306,1.01452135445175e-11
12.7,0.45,574.503064,324.503064,8.98618364402634e-12
12.7,0.45,575.253068,325.253068,7.55520863733581e-12
12.7,0.45,576.003072,326.003072,6.71536831248458e-12
12.7,0.45,576.753076,326.753076,5.87552798763343e-12
12.7,0.45,577.50308,327.50308,5.0356876627822e-12
12.7,0.45,578.253084,328.253084,4.48607068259317e-12
12.7,0.45,579.003088,329.003088,4.07085721492353e-12
12.7,0.45,579.753092,329.753092,2.95985097311666e-12
12.7,0.45,580.503096,330.503096,2.69449332712145e-12
12.7,0.45,581.2531,331.2531,2.42913568112625e-12
12.7,0.45,582.003104,332.003104,2.17886873741042e-12
12.7,0.45,582.753108,332.753108,1.87815152224476e-12
12.7,0.45,583.503112,333.503112,1.57743430707908e-12
12.7,0.45,584.253116,334.253116,1.21065358664854e-12
12.7,0.45,585.00312,335.00312,1.24096073930305e-12
12.7,0.45,585.753124,335.753124,9.99615514636563e-13
12.7,0.45,586.503128,336.503128,8.91422601947793e-13
12.7,0.45,587.253132,337.253132,7.44369675714822e-13
12.7,0.45,588.003136,338.003136,6.2125866829016e-13
12.7,0.45,588.75314,338.75314,5.52557614015903e-13
12.7,0.45,589.503144,339.503144,4.83856559741641e-13
12.7,0.45,590.253148,340.253148,4.37311921518991e-13
12.7,0.45,591.003152,341.003152,3.80850786907826e-13
12.7,0.45,591.753156,341.753156,3.24389652296666e-13
12.7,0.45,592.50316,342.50316,2.64857425687342e-13
12.7,0.45,593.253164,343.253164,2.37903953194164e-13
12.7,0.45,594.003168,344.003168,2.10950480700985e-13
12.7,0.45,594.753172,344.753172,1.83997008207808e-13
12.7,0.45,595.503176,345.503176,1.57043535714628e-13
12.7,0.45,596.25318,346.25318,1.30090063221451e-13
12.7,0.45,597.003184,347.003184,1.0149531266374e-13
12.7,0.45,597.753188,347.753188,9.51461637085755e-14
12.7,0.45,598.503192,348.503192,8.56770475978034e-14
12.7,0.45,599.253196,349.253196,7.62079314870319e-14
12.7,0.45,600.0032,350.0032,6.67388153762599e-14
12.7,0.45,600.753204,350.753204,5.72696992654884e-14
12.7,0.45,601.503208,351.503208,4.78005831547163e-14
12.7,0.45,602.253212,352.253212,4.46914704402399e-14
12.7,0.45,603.003216,353.003216,3.28234589689433e-14
12.7,0.45,603.75322,353.75322,3.00426270688306e-14
12.7,0.45,604.503224,354.503224,2.72598346129629e-14
12.7,0.45,605.253228,355.253228,2.37510517997453e-14
12.7,0.45,606.003232,356.003232,1.98964945474218e-14
12.7,0.45,606.753236,356.753236,1.62035824328226e-14
12.7,0.45,607.50324,357.50324,1.44863946494952e-14
12.7,0.45,608.253244,358.253244,1.30811745584215e-14
12.7,0.45,609.003248,359.003248,1.16759544673479e-14
12.7,0.45,609.753252,359.753252,1.02707343762742e-14
12.7,0.45,610.503256,360.503256,8.68467161990274e-15
12.7,0.45,611.25326,361.25326,7.21071917485805e-15
12.7,0.45,612.003264,362.003264,5.73676672981348e-15
12.7,0.45,612.753268,362.753268,5.21802191345923e-15
12.7,0.45,613.503272,363.503272,4.72954945076876e-15
12.7,0.45,614.253276,364.253276,4.24107698807824e-15
12.7,0.45,615.00328,365.00328,3.75260452538777e-15
12.7,0.45,615.753284,365.753284,3.12479004672112e-15
12.7,0.45,616.503288,366.503288,2.56642323613668e-15
12.7,0.45,617.253292,367.253292,2.00805642555219e-15
12.7,0.45,618.003296,368.003296,1.94921613580604e-15
12.7,0.45,618.7533,368.7533,1.76907493626939e-15
12.7,0.45,619.503304,369.503304,1.58602476614323e-15
12.7,0.45,620.253308,370.253308,1.32315001064468e-15
12.7,0.45,621.003312,371.003312,1.12182944518439e-15
12.7,0.45,621.753316,371.753316,9.2050887972409e-16
12.7,0.45,622.50332,372.50332,7.19188314263801e-16
12.7,0.45,623.253324,373.253324,6.36481573559554e-16
12.7,0.45,624.003328,374.003328,5.7962909248142e-16
12.7,0.45,624.753332,374.753332,5.22776611403281e-16
12.7,0.45,625.503336,375.503336,4.65924130325146e-16
12.7,0.45,626.25334,376.25334,4.09071649247008e-16
12.7,0.45,627.003344,377.003344,3.52219168168873e-16
12.7,0.45,627.753348,377.753348,2.96470071966421e-16
12.7,0.45,628.503352,378.503352,2.54469734776964e-16
12.7,0.45,629.253356,379.253356,2.29465215147711e-16
12.7,0.45,630.00336,380.00336,1.84986759507278e-16
12.7,0.45,630.753364,380.753364,1.64743955983659e-16
12.7,0.45,631.503368,381.503368,1.44501152460041e-16
12.7,0.45,632.253372,382.253372,1.24258348936421e-16
12.7,0.45,633.003376,383.003376,1.04015545412803e-16
12.7,0.45,633.75338,383.75338,8.3772741889184e-17
12.7,0.45,634.503384,384.503384,6.35299383655661e-17
12.7,0.45,635.253388,385.253388,7.3953362804289e-17
12.7,0.45,636.003392,386.003392,5.36853544360684e-17
12.7,0.45,636.753396,386.753396,4.92827362847496e-17
12.7,0.45,637.5034,387.5034,4.62965782148861e-17
12.7,0.45,638.253404,388.253404,4.05532640684854e-17
12.7,0.45,639.003408,389.003408,3.45085016121748e-17
12.7,0.45,639.753412,389.753412,2.84637391558646e-17
12.7,0.45,640.503416,390.503416,2.24189766995539e-17
12.7,0.45,641.25342,391.25342,2.24543152114595e-17
12.7,0.45,642.003424,392.003424,1.75266736536308e-17
12.7,0.45,642.753428,392.753428,1.62314384734681e-17
12.7,0.45,643.503432,393.503432,1.33326724974602e-17
12.7,0.45,644.253436,394.253436,1.20004417266765e-17
12.7,0.45,645.00344,395.00344,1.03888628095702e-17
12.7,0.45,645.753444,395.753444,9.05070471279175e-18
12.7,0.45,646.503448,396.503448,7.71254661601325e-18
12.7,0.45,647.253452,397.253452,6.37438851923483e-18
12.7,0.45,648.003456,398.003456,5.03623042245632e-18
12.7,0.45,648.75346,398.75346,4.70630943591892e-18
12.7,0.45,649.503464,399.503464,4.08147402854136e-18
12.7,0.45,650.253468,400.253468,3.69133272799299e-18
12.7,0.45,651.003472,401.003472,3.30119142744459e-18
12.7,0.45,651.753476,401.753476,2.91105012689621e-18
12.7,0.45,652.50348,402.50348,2.52090882634781e-18
12.7,0.45,653.253484,403.253484,2.0919937686537e-18
12.7,0.45,654.003488,404.003488,1.89535923000375e-18
12.7,0.45,654.753492,404.753492,1.46922082861034e-18
12.7,0.45,655.503496,405.503496,1.34182623274922e-18
12.7,0.45,656.2535,406.2535,1.2032799639631e-18
12.7,0.45,657.003504,407.003504,1.04611487030304e-18
12.7,0.45,657.753508,407.753508,8.8894977664298e-19
12.7,0.45,658.503512,408.503512,7.31784682982913e-19
12.7,0.45,659.253516,409.253516,5.74619589322857e-19
12.7,0.45,660.00352,410.00352,5.2815350922068e-19
12.7,0.45,660.753524,410.753524,4.69691671956143e-19
12.7,0.45,661.503528,411.503528,4.11229834691602e-19
12.7,0.45,662.253532,412.253532,3.52767997427065e-19
12.7,0.45,663.003536,413.003536,3.03244624639281e-19
12.7,0.45,663.75354,413.75354,2.74260174231404e-19
12.7,0.45,664.503544,414.503544,2.45275723823525e-19
12.7,0.45,665.253548,415.253548,1.89976255805776e-19
12.7,0.45,666.003552,416.003552,1.7023909073056e-19
12.7,0.45,666.753556,416.753556,1.42255078695572e-19
12.7,0.45,667.50356,417.50356,1.21501976015326e-19
12.7,0.45,668.253564,418.253564,1.15941723033032e-19
12.7,0.45,669.003568,419.003568,1.03152631236888e-19
12.7,0.45,669.753572,419.753572,8.73755633337117e-20
12.7,0.45,670.503576,420.503576,7.62608435744961e-20
12.7,0.45,671.25358,421.25358,5.77922730042743e-20
12.7,0.45,672.003584,422.003584,5.14899154479005e-20
12.7,0.45,672.753588,422.753588,4.51875578915261e-20
12.7,0.45,673.503592,423.503592,4.2207290269775e-20
12.7,0.45,674.253596,424.253596,3.4033931742159e-20
12.7,0.45,675.0036,425.0036,2.8642027628271e-20
12.7,0.45,675.753604,425.753604,2.32501235143825e-20
12.7,0.45,676.503608,426.503608,2.11845297706602e-20
12.7,0.45,677.253612,427.253612,1.91483979259199e-20
12.7,0.45,678.003616,428.003616,1.65820673715661e-20
12.7,0.45,678.75362,428.75362,1.49841875339882e-20
12.7,0.45,679.503624,429.503624,1.33863076964105e-20
12.7,0.45,680.253628,430.253628,1.14588030579005e-20
12.7,0.45,681.003632,431.003632,9.48406363839584e-21
12.7,0.45,681.753636,431.753636,7.46216811675546e-21
12.7,0.45,682.50364,432.50364,6.80970319409063e-21
12.7,0.45,683.253644,433.253644,6.14398755081983e-21
12.7,0.45,684.003648,434.003648,5.45743243498331e-21
12.7,0.45,684.753652,434.753652,4.6457587782498e-21
12.7,0.45,685.503656,435.503656,3.87665020839592e-21
12.7,0.45,686.25366,436.25366,3.10754163854199e-21
12.7,0.45,687.003664,437.003664,2.62178928488147e-21
12.7,0.45,687.753668,437.753668,2.39182830545602e-21
12.7,0.45,688.503672,438.503672,2.16186732603059e-21
12.7,0.45,689.253676,439.253676,1.90876032761998e-21
12.7,0.45,690.00368,440.00368,1.61717383263674e-21
12.7,0.45,690.753684,440.753684,1.32558733765348e-21
12.7,0.45,691.503688,441.503688,1.33464933113415e-21
12.7,0.45,692.253692,442.253692,1.18273288234485e-21
12.7,0.45,693.003696,443.003696,8.97962271070561e-22
12.7,0.45,693.7537,443.7537,7.84678193894779e-22
12.7,0.45,694.503704,444.503704,6.71394116719006e-22
12.7,0.45,695.253708,445.253708,5.58277333465257e-22
12.7,0.45,696.003712,446.003712,4.92536332704301e-22
12.7,0.45,696.753716,446.753716,4.415747744433e-22
12.7,0.45,697.50372,447.50372,3.90613216182303e-22
12.7,0.45,698.253724,448.253724,3.39651657921306e-22
12.7,0.45,699.003728,449.003728,2.7460086888683e-22
12.7,0.45,699.753732,449.753732,2.48305608712884e-22
12.7,0.45,700.503736,450.503736,2.17315922565271e-22
12.7,0.45,701.25374,451.25374,1.86441516666701e-22
12.7,0.45,702.003744,452.003744,1.69900089350712e-22
12.7,0.45,702.753748,452.753748,1.39488633209699e-22
12.7,0.45,703.503752,453.503752,1.16153404734157e-22
12.7,0.45,704.253756,454.253756,1.02496943637918e-22
12.7,0.45,705.00376,455.00376,8.26951068832203e-23
12.7,0.45,705.753764,455.753764,7.44610611904385e-23
12.7,0.45,706.503768,456.503768,6.62270154976562e-23
12.7,0.45,707.253772,457.253772,5.79929698048744e-23
12.7,0.45,708.003776,458.003776,4.97589241120921e-23
12.7,0.45,708.75378,458.75378,3.95259116279156e-23
12.7,0.45,709.503784,459.503784,3.20509315860879e-23
12.7,0.45,710.253788,460.253788,2.93694501026195e-23
12.7,0.45,711.003792,461.003792,2.6687968619151e-23
12.7,0.45,711.753796,461.753796,2.40064871356827e-23
12.7,0.45,712.5038,462.5038,2.145514689535e-23
12.7,0.45,713.253804,463.253804,1.83353160240422e-23
12.7,0.45,714.003808,464.003808,1.52154851527343e-23
12.7,0.45,714.753812,464.753812,1.48173639646538e-23
12.7,0.45,715.503816,465.503816,1.08068130997611e-23
12.7,0.45,716.25382,466.25382,9.94075133173115e-24
12.7,0.45,717.003824,467.003824,8.3431383969414e-24
12.7,0.45,717.753828,467.753828,7.41649766374167e-24
12.7,0.45,718.503832,468.503832,6.48985693054186e-24
12.7,0.45,719.253836,469.253836,5.56321619734213e-24
12.7,0.45,720.00384,470.00384,4.63657546414233e-24
12.7,0.45,720.753844,470.753844,3.70993473094259e-24
12.7,0.45,721.503848,471.503848,2.78329399774279e-24
12.7,0.45,722.253852,472.253852,3.05369938599284e-24
12.7,0.45,723.003856,473.003856,2.74148839602616e-24
12.7,0.45,723.75386,473.75386,2.21234794056798e-24
12.7,0.45,724.503864,474.503864,1.96110093504043e-24
12.7,0.45,725.253868,475.253868,1.70616542885649e-24
12.7,0.45,726.003872,476.003872,1.45122992267253e-24
12.7,0.45,726.753876,476.753876,1.30047971033055e-24
12.7,0.45,727.50388,477.50388,1.13751623442864e-24
12.7,0.45,728.253884,478.253884,9.50581432778124e-25
12.7,0.45,729.003888,479.003888,7.66037536987514e-25
12.7,0.45,729.753892,479.753892,6.91114135466462e-25
12.7,0.45,730.503896,480.503896,6.18607936835754e-25
12.7,0.45,731.2539,481.2539,5.46101738205039e-25
12.7,0.45,732.003904,482.003904,4.73595539574331e-25
12.7,0.45,732.753908,482.753908,3.73560611746485e-25
12.7,0.45,733.503912,483.503912,3.33192636135802e-25
12.7,0.45,734.253916,484.253916,2.94692855252323e-25
12.7,0.45,735.00392,485.00392,2.58207983365809e-25
12.7,0.45,735.753924,485.753924,2.21723111479293e-25
12.7,0.45,736.503928,486.503928,1.85238239592779e-25
12.7,0.45,737.253932,487.253932,1.64363765744545e-25
12.7,0.45,738.003936,488.003936,1.45427108071474e-25
12.7,0.45,738.75394,488.75394,1.21221394195886e-25
12.7,0.45,739.503944,489.503944,1.09823260103565e-25
12.7,0.45,740.253948,490.253948,9.71383749682751e-26
12.7,0.45,741.003952,491.003952,8.44534898329858e-26
12.7,0.45,741.753956,491.753956,7.17686046976956e-26
12.7,0.45,742.50396,492.50396,6.49185677042981e-26
12.7,0.45,743.253964,493.253964,5.75799945414874e-26
12.7,0.45,744.003968,494.003968,4.67515139919213e-26
12.7,0.45,744.753972,494.753972,4.35954906096722e-26
12.7,0.45,745.503976,495.503976,3.81122936128796e-26
12.7,0.45,746.25398,496.25398,3.61214804393e-26
12.7,0.45,747.003984,497.003984,3.41306672657206e-26
12.7,0.45,747.753988,497.753988,3.19227986035742e-26
12.7,0.45,748.503992,498.503992,2.87554905803693e-26
12.7,0.45,749.253996,499.253996,2.55881825571642e-26
12.7,0.45,750.004,500.004,2.24208745339593e-26
